[ {
  "name" : "MENTALRASHMI",
  "id" : 1,
  "mobNumber" : "7777",
  "age" : 300
}, {
  "name" : "ERRAGADAPRAACHI",
  "id" : 2,
  "mobNumber" : "8625",
  "age" : 450
}, {
  "name" : "SOCCERMAN",
  "id" : 3,
  "mobNumber" : "752",
  "age" : 14
}, {
  "name" : "DEV",
  "id" : 4,
  "mobNumber" : "5555",
  "age" : 11
}, {
  "name" : "PRATHIMA",
  "id" : 5,
  "mobNumber" : "786",
  "age" : 60
}, {
  "name" : "CHANDU",
  "id" : 6,
  "mobNumber" : "7812145657",
  "age" : 65
}, {
  "name" : "KAPIL",
  "id" : 7,
  "mobNumber" : "7812145657",
  "age" : 40
}, {
  "name" : "KARAN",
  "id" : 8,
  "mobNumber" : "7812145657",
  "age" : 25
}, {
  "name" : "MARUTHI",
  "id" : 12,
  "mobNumber" : "1234567899",
  "age" : 60
}, {
  "name" : "SHIVA",
  "id" : 100,
  "mobNumber" : "8790525589",
  "age" : 21
}, {
  "name" : "asd",
  "id" : 1,
  "mobNumber" : "12345678989",
  "age" : 78
} ]